District,VDC Code,VDC,Ward,HH,Total,Male,Female
Nuwakot,1,BagesworiChokade,1,83,389,183,206
Nuwakot,1,BagesworiChokade,2,86,400,206,194
Nuwakot,1,BagesworiChokade,3,127,569,261,308
Nuwakot,1,BagesworiChokade,4,125,551,262,289
Nuwakot,1,BagesworiChokade,5,47,242,111,131
Nuwakot,1,BagesworiChokade,6,75,373,177,196
Nuwakot,1,BagesworiChokade,7,238,998,464,534
Nuwakot,1,BagesworiChokade,8,161,756,360,396
Nuwakot,1,BagesworiChokade,9,131,708,358,350
Nuwakot,2,Balkumari,1,70,315,156,159
Nuwakot,2,Balkumari,2,48,246,118,128
Nuwakot,2,Balkumari,3,66,374,188,186
Nuwakot,2,Balkumari,4,23,121,64,57
Nuwakot,2,Balkumari,5,50,265,137,128
Nuwakot,2,Balkumari,6,57,256,124,132
Nuwakot,2,Balkumari,7,55,225,113,112
Nuwakot,2,Balkumari,8,55,290,141,149
Nuwakot,2,Balkumari,9,72,394,189,205
Nuwakot,3,Barsunchet,1,11,32,15,17
Nuwakot,3,Barsunchet,2,9,27,10,17
Nuwakot,3,Barsunchet,3,13,55,24,31
Nuwakot,3,Barsunchet,4,6,22,6,16
Nuwakot,3,Barsunchet,5,17,52,22,30
Nuwakot,3,Barsunchet,6,9,28,11,17
Nuwakot,3,Barsunchet,7,12,38,18,20
Nuwakot,3,Barsunchet,8,20,84,38,46
Nuwakot,3,Barsunchet,9,21,88,37,51
Nuwakot,4,Belkot,1,223,"1,130",552,578
Nuwakot,4,Belkot,2,196,997,489,508
Nuwakot,4,Belkot,3,163,799,407,392
Nuwakot,4,Belkot,4,209,"1,164",590,574
Nuwakot,4,Belkot,5,267,"1,279",584,695
Nuwakot,4,Belkot,6,164,744,348,396
Nuwakot,4,Belkot,7,139,684,340,344
Nuwakot,4,Belkot,8,67,290,141,149
Nuwakot,4,Belkot,9,121,573,272,301
Nuwakot,5,Beteni,1,109,540,258,282
Nuwakot,5,Beteni,2,76,356,163,193
Nuwakot,5,Beteni,3,130,612,281,331
Nuwakot,5,Beteni,4,59,335,175,160
Nuwakot,5,Beteni,5,75,363,181,182
Nuwakot,5,Beteni,6,42,223,116,107
Nuwakot,5,Beteni,7,145,702,358,344
Nuwakot,5,Beteni,8,76,389,202,187
Nuwakot,5,Beteni,9,161,852,444,408
Nuwakot,6,Bhadratar,1,80,331,156,175
Nuwakot,6,Bhadratar,2,35,161,92,69
Nuwakot,6,Bhadratar,3,89,409,206,203
Nuwakot,6,Bhadratar,4,50,203,94,109
Nuwakot,6,Bhadratar,5,103,423,191,232
Nuwakot,6,Bhadratar,6,64,306,148,158
Nuwakot,6,Bhadratar,7,71,309,151,158
Nuwakot,6,Bhadratar,8,73,365,165,200
Nuwakot,6,Bhadratar,9,140,731,366,365
Nuwakot,7,Bhalche,1,90,443,222,221
Nuwakot,7,Bhalche,2,99,474,217,257
Nuwakot,7,Bhalche,3,58,280,128,152
Nuwakot,7,Bhalche,4,92,409,189,220
Nuwakot,7,Bhalche,5,68,305,131,174
Nuwakot,7,Bhalche,6,67,293,133,160
Nuwakot,7,Bhalche,7,70,286,125,161
Nuwakot,7,Bhalche,8,93,426,211,215
Nuwakot,7,Bhalche,9,117,572,269,303
Nuwakot,8,Bidur N.P.,1,374,"1,594",792,802
Nuwakot,8,Bidur N.P.,2,269,"1,040",479,561
Nuwakot,8,Bidur N.P.,3,797,"3,322","1,612","1,710"
Nuwakot,8,Bidur N.P.,4,"1,104","4,418","2,223","2,195"
Nuwakot,8,Bidur N.P.,5,492,"2,302","1,087","1,215"
Nuwakot,8,Bidur N.P.,6,494,"2,280","1,106","1,174"
Nuwakot,8,Bidur N.P.,7,487,"2,322","1,105","1,217"
Nuwakot,8,Bidur N.P.,8,648,"2,883","1,325","1,558"
Nuwakot,8,Bidur N.P.,9,"1,217","4,969","2,226","2,743"
Nuwakot,8,Bidur N.P.,10,251,"1,068",483,585
Nuwakot,8,Bidur N.P.,11,137,552,274,278
Nuwakot,9,Budhasing,1,92,448,197,251
Nuwakot,9,Budhasing,2,72,307,142,165
Nuwakot,9,Budhasing,3,111,502,232,270
Nuwakot,9,Budhasing,4,72,318,146,172
Nuwakot,9,Budhasing,5,70,309,137,172
Nuwakot,9,Budhasing,6,83,338,139,199
Nuwakot,9,Budhasing,7,77,337,164,173
Nuwakot,9,Budhasing,8,62,245,112,133
Nuwakot,9,Budhasing,9,38,141,75,66
Nuwakot,10,Bungtang,1,85,310,137,173
Nuwakot,10,Bungtang,2,66,233,101,132
Nuwakot,10,Bungtang,3,77,287,127,160
Nuwakot,10,Bungtang,4,136,523,219,304
Nuwakot,10,Bungtang,5,30,97,44,53
Nuwakot,10,Bungtang,6,49,175,78,97
Nuwakot,10,Bungtang,7,37,121,55,66
Nuwakot,10,Bungtang,8,54,172,72,100
Nuwakot,10,Bungtang,9,65,199,88,111
Nuwakot,11,Charghare,1,130,577,268,309
Nuwakot,11,Charghare,2,157,771,361,410
Nuwakot,11,Charghare,3,137,575,261,314
Nuwakot,11,Charghare,4,125,587,264,323
Nuwakot,11,Charghare,5,117,545,247,298
Nuwakot,11,Charghare,6,145,629,289,340
Nuwakot,11,Charghare,7,81,375,170,205
Nuwakot,11,Charghare,8,128,587,255,332
Nuwakot,11,Charghare,9,170,773,363,410
Nuwakot,12,Chaturale,1,106,469,219,250
Nuwakot,12,Chaturale,2,79,340,165,175
Nuwakot,12,Chaturale,3,80,356,181,175
Nuwakot,12,Chaturale,4,69,332,158,174
Nuwakot,12,Chaturale,5,46,187,96,91
Nuwakot,12,Chaturale,6,75,382,172,210
Nuwakot,12,Chaturale,7,115,542,259,283
Nuwakot,12,Chaturale,8,77,340,168,172
Nuwakot,12,Chaturale,9,61,290,141,149
Nuwakot,13,Chaughada,1,83,380,175,205
Nuwakot,13,Chaughada,2,110,570,265,305
Nuwakot,13,Chaughada,3,170,762,357,405
Nuwakot,13,Chaughada,4,184,846,381,465
Nuwakot,13,Chaughada,5,91,470,228,242
Nuwakot,13,Chaughada,6,158,767,347,420
Nuwakot,13,Chaughada,7,122,607,273,334
Nuwakot,13,Chaughada,8,151,659,314,345
Nuwakot,13,Chaughada,9,95,419,179,240
Nuwakot,14,Chauthe,1,93,476,247,229
Nuwakot,14,Chauthe,2,74,417,217,200
Nuwakot,14,Chauthe,3,68,357,187,170
Nuwakot,14,Chauthe,4,64,320,155,165
Nuwakot,14,Chauthe,5,78,380,195,185
Nuwakot,14,Chauthe,6,104,501,252,249
Nuwakot,14,Chauthe,7,76,390,190,200
Nuwakot,14,Chauthe,8,73,345,167,178
Nuwakot,14,Chauthe,9,67,349,170,179
Nuwakot,15,Chhap,1,45,198,93,105
Nuwakot,15,Chhap,2,53,261,121,140
Nuwakot,15,Chhap,3,43,214,104,110
Nuwakot,15,Chhap,4,54,254,119,135
Nuwakot,15,Chhap,5,47,206,98,108
Nuwakot,15,Chhap,6,63,299,144,155
Nuwakot,15,Chhap,7,38,178,80,98
Nuwakot,15,Chhap,8,24,101,53,48
Nuwakot,15,Chhap,9,81,374,193,181
Nuwakot,16,Dangsing,1,96,489,241,248
Nuwakot,16,Dangsing,2,104,440,183,257
Nuwakot,16,Dangsing,3,63,286,127,159
Nuwakot,16,Dangsing,4,94,399,178,221
Nuwakot,16,Dangsing,5,81,347,155,192
Nuwakot,16,Dangsing,6,41,160,76,84
Nuwakot,16,Dangsing,7,53,224,102,122
Nuwakot,16,Dangsing,8,52,209,86,123
Nuwakot,16,Dangsing,9,41,182,91,91
Nuwakot,17,Deurali,1,57,200,85,115
Nuwakot,17,Deurali,2,83,253,105,148
Nuwakot,17,Deurali,3,114,393,176,217
Nuwakot,17,Deurali,4,126,435,191,244
Nuwakot,17,Deurali,5,164,591,255,336
Nuwakot,17,Deurali,6,124,477,229,248
Nuwakot,17,Deurali,7,95,334,159,175
Nuwakot,17,Deurali,8,115,478,210,268
Nuwakot,17,Deurali,9,127,495,222,273
Nuwakot,18,Duipipal,1,161,826,408,418
Nuwakot,18,Duipipal,2,96,463,226,237
Nuwakot,18,Duipipal,3,177,869,382,487
Nuwakot,18,Duipipal,4,100,446,214,232
Nuwakot,18,Duipipal,5,73,347,166,181
Nuwakot,18,Duipipal,6,145,719,330,389
Nuwakot,18,Duipipal,7,296,"1,583",762,821
Nuwakot,18,Duipipal,8,267,"1,276",617,659
Nuwakot,18,Duipipal,9,254,"1,261",596,665
Nuwakot,19,Fikuri,1,72,273,119,154
Nuwakot,19,Fikuri,2,41,151,69,82
Nuwakot,19,Fikuri,3,32,120,51,69
Nuwakot,19,Fikuri,4,151,645,322,323
Nuwakot,19,Fikuri,5,87,431,210,221
Nuwakot,19,Fikuri,6,68,348,169,179
Nuwakot,19,Fikuri,7,105,513,249,264
Nuwakot,19,Fikuri,8,30,139,68,71
Nuwakot,19,Fikuri,9,50,253,114,139
Nuwakot,20,Ganeshthan,1,124,594,295,299
Nuwakot,20,Ganeshthan,2,112,494,253,241
Nuwakot,20,Ganeshthan,3,128,587,283,304
Nuwakot,20,Ganeshthan,4,195,883,417,466
Nuwakot,20,Ganeshthan,5,52,256,136,120
Nuwakot,20,Ganeshthan,6,77,340,159,181
Nuwakot,20,Ganeshthan,7,28,122,57,65
Nuwakot,20,Ganeshthan,8,34,150,73,77
Nuwakot,20,Ganeshthan,9,57,302,145,157
Nuwakot,21,Gaunkharka,1,37,174,78,96
Nuwakot,21,Gaunkharka,2,60,293,132,161
Nuwakot,21,Gaunkharka,3,58,271,133,138
Nuwakot,21,Gaunkharka,4,71,347,155,192
Nuwakot,21,Gaunkharka,5,43,135,68,67
Nuwakot,21,Gaunkharka,6,81,432,224,208
Nuwakot,21,Gaunkharka,7,145,788,403,385
Nuwakot,21,Gaunkharka,8,60,342,174,168
Nuwakot,21,Gaunkharka,9,73,398,206,192
Nuwakot,22,Gerkhu,1,153,685,309,376
Nuwakot,22,Gerkhu,2,172,806,376,430
Nuwakot,22,Gerkhu,3,200,934,409,525
Nuwakot,22,Gerkhu,4,184,857,388,469
Nuwakot,22,Gerkhu,5,101,443,192,251
Nuwakot,22,Gerkhu,6,85,336,156,180
Nuwakot,22,Gerkhu,7,177,821,375,446
Nuwakot,22,Gerkhu,8,130,545,241,304
Nuwakot,22,Gerkhu,9,219,955,442,513
Nuwakot,23,Ghyangphedi,1,31,144,77,67
Nuwakot,23,Ghyangphedi,2,67,326,198,128
Nuwakot,23,Ghyangphedi,3,51,330,162,168
Nuwakot,23,Ghyangphedi,4,49,245,128,117
Nuwakot,23,Ghyangphedi,5,116,673,369,304
Nuwakot,23,Ghyangphedi,6,79,367,205,162
Nuwakot,23,Ghyangphedi,7,76,435,230,205
Nuwakot,23,Ghyangphedi,8,93,441,244,197
Nuwakot,23,Ghyangphedi,9,42,139,79,60
Nuwakot,24,Gorsyang,1,48,214,91,123
Nuwakot,24,Gorsyang,2,67,335,162,173
Nuwakot,24,Gorsyang,3,77,380,165,215
Nuwakot,24,Gorsyang,4,94,433,200,233
Nuwakot,24,Gorsyang,5,82,370,173,197
Nuwakot,24,Gorsyang,6,60,296,137,159
Nuwakot,24,Gorsyang,7,118,477,204,273
Nuwakot,24,Gorsyang,8,103,445,190,255
Nuwakot,24,Gorsyang,9,123,481,198,283
Nuwakot,25,Jiling,1,222,949,431,518
Nuwakot,25,Jiling,2,103,446,196,250
Nuwakot,25,Jiling,3,107,534,252,282
Nuwakot,25,Jiling,4,136,615,303,312
Nuwakot,25,Jiling,5,122,638,315,323
Nuwakot,25,Jiling,6,178,874,406,468
Nuwakot,25,Jiling,7,150,925,450,475
Nuwakot,25,Jiling,8,131,687,342,345
Nuwakot,25,Jiling,9,122,618,297,321
Nuwakot,26,Kabilas,1,113,565,280,285
Nuwakot,26,Kabilas,2,137,662,333,329
Nuwakot,26,Kabilas,3,74,380,202,178
Nuwakot,26,Kabilas,4,70,308,156,152
Nuwakot,26,Kabilas,5,136,644,317,327
Nuwakot,26,Kabilas,6,80,361,170,191
Nuwakot,26,Kabilas,7,70,309,140,169
Nuwakot,26,Kabilas,8,117,540,265,275
Nuwakot,26,Kabilas,9,66,294,139,155
Nuwakot,27,Kakani,1,146,825,395,430
Nuwakot,27,Kakani,2,143,778,405,373
Nuwakot,27,Kakani,3,332,"1,542",744,798
Nuwakot,27,Kakani,4,140,770,376,394
Nuwakot,27,Kakani,5,206,"1,028",516,512
Nuwakot,27,Kakani,6,153,876,424,452
Nuwakot,27,Kakani,7,97,558,288,270
Nuwakot,27,Kakani,8,125,673,348,325
Nuwakot,27,Kakani,9,48,270,125,145
Nuwakot,28,Kalikahalde,1,78,359,168,191
Nuwakot,28,Kalikahalde,2,83,364,174,190
Nuwakot,28,Kalikahalde,3,91,431,211,220
Nuwakot,28,Kalikahalde,4,76,411,201,210
Nuwakot,28,Kalikahalde,5,65,319,151,168
Nuwakot,28,Kalikahalde,6,44,172,90,82
Nuwakot,28,Kalikahalde,7,68,339,170,169
Nuwakot,28,Kalikahalde,8,153,728,351,377
Nuwakot,28,Kalikahalde,9,95,483,240,243
Nuwakot,29,Kalyanpur,1,189,901,420,481
Nuwakot,29,Kalyanpur,2,254,"1,083",501,582
Nuwakot,29,Kalyanpur,3,45,199,89,110
Nuwakot,29,Kalyanpur,4,84,392,170,222
Nuwakot,29,Kalyanpur,5,107,499,237,262
Nuwakot,29,Kalyanpur,6,110,502,238,264
Nuwakot,29,Kalyanpur,7,250,"1,111",494,617
Nuwakot,29,Kalyanpur,8,91,478,220,258
Nuwakot,29,Kalyanpur,9,113,557,238,319
Nuwakot,30,Kaule,1,111,471,240,231
Nuwakot,30,Kaule,2,96,411,184,227
Nuwakot,30,Kaule,3,56,217,78,139
Nuwakot,30,Kaule,4,91,334,136,198
Nuwakot,30,Kaule,5,115,443,191,252
Nuwakot,30,Kaule,6,57,235,105,130
Nuwakot,30,Kaule,7,62,268,128,140
Nuwakot,30,Kaule,8,80,307,136,171
Nuwakot,30,Kaule,9,71,307,148,159
Nuwakot,31,KhadagBhanjyang,1,87,379,167,212
Nuwakot,31,KhadagBhanjyang,2,88,401,168,233
Nuwakot,31,KhadagBhanjyang,3,135,594,261,333
Nuwakot,31,KhadagBhanjyang,4,159,703,327,376
Nuwakot,31,KhadagBhanjyang,5,200,844,383,461
Nuwakot,31,KhadagBhanjyang,6,222,955,408,547
Nuwakot,31,KhadagBhanjyang,7,243,"1,104",479,625
Nuwakot,31,KhadagBhanjyang,8,84,311,136,175
Nuwakot,31,KhadagBhanjyang,9,194,875,409,466
Nuwakot,32,Kharanitar,1,61,238,114,124
Nuwakot,32,Kharanitar,2,55,236,111,125
Nuwakot,32,Kharanitar,3,37,146,68,78
Nuwakot,32,Kharanitar,4,27,94,42,52
Nuwakot,32,Kharanitar,5,43,188,94,94
Nuwakot,32,Kharanitar,6,30,105,58,47
Nuwakot,32,Kharanitar,7,50,260,129,131
Nuwakot,32,Kharanitar,8,26,113,55,58
Nuwakot,32,Kharanitar,9,46,229,108,121
Nuwakot,33,KholegaunKhanigau,1,81,320,134,186
Nuwakot,33,KholegaunKhanigau,2,93,397,172,225
Nuwakot,33,KholegaunKhanigau,3,115,449,208,241
Nuwakot,33,KholegaunKhanigau,4,359,"1,630",766,864
Nuwakot,33,KholegaunKhanigau,5,175,881,391,490
Nuwakot,33,KholegaunKhanigau,6,140,607,294,313
Nuwakot,33,KholegaunKhanigau,7,54,206,86,120
Nuwakot,33,KholegaunKhanigau,8,107,446,194,252
Nuwakot,33,KholegaunKhanigau,9,86,394,161,233
Nuwakot,34,Kintang,1,42,190,86,104
Nuwakot,34,Kintang,2,70,328,153,175
Nuwakot,34,Kintang,3,64,286,132,154
Nuwakot,34,Kintang,4,64,294,149,145
Nuwakot,34,Kintang,5,43,168,85,83
Nuwakot,34,Kintang,6,47,177,83,94
Nuwakot,34,Kintang,7,56,223,98,125
Nuwakot,34,Kintang,8,30,118,53,65
Nuwakot,34,Kintang,9,43,192,78,114
Nuwakot,35,Kumari,1,144,787,367,420
Nuwakot,35,Kumari,2,88,487,241,246
Nuwakot,35,Kumari,3,257,"1,456",711,745
Nuwakot,35,Kumari,4,104,532,269,263
Nuwakot,35,Kumari,5,305,"1,651",788,863
Nuwakot,35,Kumari,6,235,"1,193",586,607
Nuwakot,35,Kumari,7,132,670,328,342
Nuwakot,35,Kumari,8,119,659,336,323
Nuwakot,35,Kumari,9,234,"1,237",637,600
Nuwakot,36,Lachyang,1,116,573,281,292
Nuwakot,36,Lachyang,2,116,565,284,281
Nuwakot,36,Lachyang,3,91,489,245,244
Nuwakot,36,Lachyang,4,79,420,212,208
Nuwakot,36,Lachyang,5,82,437,208,229
Nuwakot,36,Lachyang,6,67,326,160,166
Nuwakot,36,Lachyang,7,140,701,347,354
Nuwakot,36,Lachyang,8,98,498,258,240
Nuwakot,36,Lachyang,9,87,471,243,228
Nuwakot,37,Likhu,1,58,227,118,109
Nuwakot,37,Likhu,2,55,285,120,165
Nuwakot,37,Likhu,3,45,209,98,111
Nuwakot,37,Likhu,4,62,306,132,174
Nuwakot,37,Likhu,5,42,184,83,101
Nuwakot,37,Likhu,6,69,322,144,178
Nuwakot,37,Likhu,7,59,240,121,119
Nuwakot,37,Likhu,8,94,363,151,212
Nuwakot,37,Likhu,9,73,326,143,183
Nuwakot,38,Madanpur,1,188,967,466,501
Nuwakot,38,Madanpur,2,164,835,400,435
Nuwakot,38,Madanpur,3,152,842,435,407
Nuwakot,38,Madanpur,4,235,"1,148",573,575
Nuwakot,38,Madanpur,5,132,676,326,350
Nuwakot,38,Madanpur,6,86,419,205,214
Nuwakot,38,Madanpur,7,162,800,385,415
Nuwakot,38,Madanpur,8,306,"1,565",755,810
Nuwakot,38,Madanpur,9,313,"1,610",749,861
Nuwakot,39,Mahakali,1,78,316,153,163
Nuwakot,39,Mahakali,2,85,366,166,200
Nuwakot,39,Mahakali,3,124,604,279,325
Nuwakot,39,Mahakali,4,63,287,121,166
Nuwakot,39,Mahakali,5,182,778,353,425
Nuwakot,39,Mahakali,6,59,312,158,154
Nuwakot,39,Mahakali,7,52,219,97,122
Nuwakot,39,Mahakali,8,78,301,142,159
Nuwakot,39,Mahakali,9,67,341,160,181
Nuwakot,40,Manakamana,1,60,251,113,138
Nuwakot,40,Manakamana,2,67,249,112,137
Nuwakot,40,Manakamana,3,91,357,169,188
Nuwakot,40,Manakamana,4,115,530,236,294
Nuwakot,40,Manakamana,5,130,506,225,281
Nuwakot,40,Manakamana,6,84,358,164,194
Nuwakot,40,Manakamana,7,62,265,130,135
Nuwakot,40,Manakamana,8,72,338,162,176
Nuwakot,40,Manakamana,9,108,467,226,241
Nuwakot,41,Narjamandap,1,75,327,155,172
Nuwakot,41,Narjamandap,2,225,"1,012",484,528
Nuwakot,41,Narjamandap,3,144,781,404,377
Nuwakot,41,Narjamandap,4,76,380,193,187
Nuwakot,41,Narjamandap,5,85,463,225,238
Nuwakot,41,Narjamandap,6,130,721,382,339
Nuwakot,41,Narjamandap,7,75,455,233,222
Nuwakot,41,Narjamandap,8,79,474,242,232
Nuwakot,41,Narjamandap,9,123,722,338,384
Nuwakot,42,Okharpauwa,1,222,"1,222",627,595
Nuwakot,42,Okharpauwa,2,85,450,223,227
Nuwakot,42,Okharpauwa,3,220,"1,113",540,573
Nuwakot,42,Okharpauwa,4,189,869,440,429
Nuwakot,42,Okharpauwa,5,194,982,476,506
Nuwakot,42,Okharpauwa,6,102,565,285,280
Nuwakot,42,Okharpauwa,7,157,911,468,443
Nuwakot,42,Okharpauwa,8,295,"1,550",778,772
Nuwakot,42,Okharpauwa,9,46,239,133,106
Nuwakot,43,Panchkanya,1,85,447,222,225
Nuwakot,43,Panchkanya,2,53,289,145,144
Nuwakot,43,Panchkanya,3,35,173,85,88
Nuwakot,43,Panchkanya,4,59,276,137,139
Nuwakot,43,Panchkanya,5,48,255,125,130
Nuwakot,43,Panchkanya,6,50,240,122,118
Nuwakot,43,Panchkanya,7,46,226,119,107
Nuwakot,43,Panchkanya,8,90,394,196,198
Nuwakot,43,Panchkanya,9,78,375,170,205
Nuwakot,44,Ralukadevi,1,86,352,183,169
Nuwakot,44,Ralukadevi,2,154,755,384,371
Nuwakot,44,Ralukadevi,3,87,466,234,232
Nuwakot,44,Ralukadevi,4,95,429,208,221
Nuwakot,44,Ralukadevi,5,69,357,189,168
Nuwakot,44,Ralukadevi,6,134,650,321,329
Nuwakot,44,Ralukadevi,7,116,597,297,300
Nuwakot,44,Ralukadevi,8,63,361,174,187
Nuwakot,44,Ralukadevi,9,112,596,309,287
Nuwakot,45,Ratmate,1,117,512,226,286
Nuwakot,45,Ratmate,2,66,290,134,156
Nuwakot,45,Ratmate,3,98,433,223,210
Nuwakot,45,Ratmate,4,81,351,172,179
Nuwakot,45,Ratmate,5,42,156,69,87
Nuwakot,45,Ratmate,6,74,345,153,192
Nuwakot,45,Ratmate,7,99,463,209,254
Nuwakot,45,Ratmate,8,105,513,235,278
Nuwakot,45,Ratmate,9,140,730,348,382
Nuwakot,46,Rautbesi,1,108,554,278,276
Nuwakot,46,Rautbesi,2,37,206,109,97
Nuwakot,46,Rautbesi,3,47,233,113,120
Nuwakot,46,Rautbesi,4,79,395,198,197
Nuwakot,46,Rautbesi,5,63,372,181,191
Nuwakot,46,Rautbesi,6,81,434,223,211
Nuwakot,46,Rautbesi,7,63,335,163,172
Nuwakot,46,Rautbesi,8,34,148,76,72
Nuwakot,46,Rautbesi,9,142,760,390,370
Nuwakot,47,Salme,1,20,98,46,52
Nuwakot,47,Salme,2,35,199,96,103
Nuwakot,47,Salme,3,19,97,47,50
Nuwakot,47,Salme,4,60,340,178,162
Nuwakot,47,Salme,5,59,315,170,145
Nuwakot,47,Salme,6,34,174,80,94
Nuwakot,47,Salme,7,36,172,78,94
Nuwakot,47,Salme,8,76,378,166,212
Nuwakot,47,Salme,9,83,413,202,211
Nuwakot,48,Samari,1,91,377,161,216
Nuwakot,48,Samari,2,165,644,291,353
Nuwakot,48,Samari,3,137,544,249,295
Nuwakot,48,Samari,4,124,555,250,305
Nuwakot,48,Samari,5,193,905,429,476
Nuwakot,48,Samari,6,166,718,312,406
Nuwakot,48,Samari,7,101,474,206,268
Nuwakot,48,Samari,8,137,686,343,343
Nuwakot,48,Samari,9,93,401,167,234
Nuwakot,49,Samundradevi,1,75,320,151,169
Nuwakot,49,Samundradevi,2,80,373,170,203
Nuwakot,49,Samundradevi,3,116,545,261,284
Nuwakot,49,Samundradevi,4,87,394,189,205
Nuwakot,49,Samundradevi,5,75,332,159,173
Nuwakot,49,Samundradevi,6,57,222,99,123
Nuwakot,49,Samundradevi,7,43,179,82,97
Nuwakot,49,Samundradevi,8,86,353,176,177
Nuwakot,49,Samundradevi,9,81,335,153,182
Nuwakot,50,Samundratar,1,40,168,74,94
Nuwakot,50,Samundratar,2,67,265,122,143
Nuwakot,50,Samundratar,3,26,125,65,60
Nuwakot,50,Samundratar,4,46,219,102,117
Nuwakot,50,Samundratar,5,46,212,93,119
Nuwakot,50,Samundratar,6,50,248,102,146
Nuwakot,50,Samundratar,7,102,426,213,213
Nuwakot,50,Samundratar,8,43,187,87,100
Nuwakot,50,Samundratar,9,30,147,68,79
Nuwakot,51,Shikharbesi,1,114,468,250,218
Nuwakot,51,Shikharbesi,2,70,351,185,166
Nuwakot,51,Shikharbesi,3,75,338,166,172
Nuwakot,51,Shikharbesi,4,72,402,211,191
Nuwakot,51,Shikharbesi,5,69,282,125,157
Nuwakot,51,Shikharbesi,6,96,418,192,226
Nuwakot,51,Shikharbesi,7,65,293,150,143
Nuwakot,51,Shikharbesi,8,105,574,321,253
Nuwakot,51,Shikharbesi,9,80,408,215,193
Nuwakot,52,Sikre,1,55,256,111,145
Nuwakot,52,Sikre,2,38,184,76,108
Nuwakot,52,Sikre,3,42,183,86,97
Nuwakot,52,Sikre,4,45,188,83,105
Nuwakot,52,Sikre,5,42,185,87,98
Nuwakot,52,Sikre,6,28,125,59,66
Nuwakot,52,Sikre,7,53,194,87,107
Nuwakot,52,Sikre,8,44,159,75,84
Nuwakot,52,Sikre,9,23,108,41,67
Nuwakot,53,Sundaradevi,1,68,346,164,182
Nuwakot,53,Sundaradevi,2,115,484,243,241
Nuwakot,53,Sundaradevi,3,32,161,76,85
Nuwakot,53,Sundaradevi,4,67,306,152,154
Nuwakot,53,Sundaradevi,5,41,205,102,103
Nuwakot,53,Sundaradevi,6,49,231,120,111
Nuwakot,53,Sundaradevi,7,39,177,93,84
Nuwakot,53,Sundaradevi,8,56,286,148,138
Nuwakot,53,Sundaradevi,9,44,215,109,106
Nuwakot,54,Sunkhani,1,37,211,105,106
Nuwakot,54,Sunkhani,2,58,247,127,120
Nuwakot,54,Sunkhani,3,56,245,112,133
Nuwakot,54,Sunkhani,4,48,188,86,102
Nuwakot,54,Sunkhani,5,45,199,93,106
Nuwakot,54,Sunkhani,6,67,260,128,132
Nuwakot,54,Sunkhani,7,76,397,198,199
Nuwakot,54,Sunkhani,8,43,207,95,112
Nuwakot,54,Sunkhani,9,103,495,253,242
Nuwakot,55,Suryamati,1,102,565,262,303
Nuwakot,55,Suryamati,2,80,408,201,207
Nuwakot,55,Suryamati,3,70,364,170,194
Nuwakot,55,Suryamati,4,121,657,295,362
Nuwakot,55,Suryamati,5,46,265,131,134
Nuwakot,55,Suryamati,6,79,363,166,197
Nuwakot,55,Suryamati,7,61,302,115,187
Nuwakot,55,Suryamati,8,54,308,158,150
Nuwakot,55,Suryamati,9,79,422,219,203
Nuwakot,56,Talakhu,1,89,362,174,188
Nuwakot,56,Talakhu,2,108,444,214,230
Nuwakot,56,Talakhu,3,98,427,204,223
Nuwakot,56,Talakhu,4,47,212,100,112
Nuwakot,56,Talakhu,5,71,324,161,163
Nuwakot,56,Talakhu,6,68,279,136,143
Nuwakot,56,Talakhu,7,91,380,157,223
Nuwakot,56,Talakhu,8,52,238,111,127
Nuwakot,56,Talakhu,9,64,310,145,165
Nuwakot,57,Taruka,1,243,"1,156",534,622
Nuwakot,57,Taruka,2,103,487,236,251
Nuwakot,57,Taruka,3,66,315,154,161
Nuwakot,57,Taruka,4,93,474,219,255
Nuwakot,57,Taruka,5,183,871,374,497
Nuwakot,57,Taruka,6,109,492,208,284
Nuwakot,57,Taruka,7,125,579,252,327
Nuwakot,57,Taruka,8,112,484,209,275
Nuwakot,57,Taruka,9,93,375,149,226
Nuwakot,58,Thanapati,1,82,410,205,205
Nuwakot,58,Thanapati,2,78,351,160,191
Nuwakot,58,Thanapati,3,56,221,97,124
Nuwakot,58,Thanapati,4,32,153,74,79
Nuwakot,58,Thanapati,5,34,193,99,94
Nuwakot,58,Thanapati,6,69,320,148,172
Nuwakot,58,Thanapati,7,65,273,130,143
Nuwakot,58,Thanapati,8,72,339,165,174
Nuwakot,58,Thanapati,9,138,571,285,286
Nuwakot,59,Thansing,1,199,852,414,438
Nuwakot,59,Thansing,2,135,548,256,292
Nuwakot,59,Thansing,3,136,548,258,290
Nuwakot,59,Thansing,4,115,459,214,245
Nuwakot,59,Thansing,5,146,704,325,379
Nuwakot,59,Thansing,6,179,801,376,425
Nuwakot,59,Thansing,7,68,310,140,170
Nuwakot,59,Thansing,8,252,"1,161",556,605
Nuwakot,59,Thansing,9,158,743,360,383
Nuwakot,60,Thaprek,1,79,437,209,228
Nuwakot,60,Thaprek,2,94,560,253,307
Nuwakot,60,Thaprek,3,94,463,215,248
Nuwakot,60,Thaprek,4,109,496,230,266
Nuwakot,60,Thaprek,5,89,435,208,227
Nuwakot,60,Thaprek,6,64,372,183,189
Nuwakot,60,Thaprek,7,93,489,247,242
Nuwakot,60,Thaprek,8,41,178,94,84
Nuwakot,60,Thaprek,9,97,512,263,249
Nuwakot,61,Tupche,1,230,966,437,529
Nuwakot,61,Tupche,2,202,834,360,474
Nuwakot,61,Tupche,3,184,797,378,419
Nuwakot,61,Tupche,4,180,748,345,403
Nuwakot,61,Tupche,5,86,286,134,152
Nuwakot,61,Tupche,6,135,606,280,326
Nuwakot,61,Tupche,7,75,266,121,145
Nuwakot,61,Tupche,8,68,304,127,177
Nuwakot,61,Tupche,9,119,479,219,260
Nuwakot,62,Urleni,1,208,"1,103",543,560
Nuwakot,62,Urleni,2,78,438,231,207
Nuwakot,62,Urleni,3,26,139,72,67
Nuwakot,62,Urleni,4,100,580,307,273
Nuwakot,62,Urleni,5,83,474,239,235
Nuwakot,62,Urleni,6,88,447,222,225
Nuwakot,62,Urleni,7,81,403,216,187
Nuwakot,62,Urleni,8,49,228,112,116
Nuwakot,62,Urleni,9,55,202,94,108
Rasuwa,1,Bhorle,1,118,494,242,252
Rasuwa,1,Bhorle,2,205,951,480,471
Rasuwa,1,Bhorle,3,200,934,464,470
Rasuwa,1,Bhorle,4,129,616,297,319
Rasuwa,1,Bhorle,5,198,977,466,511
Rasuwa,1,Bhorle,6,82,392,185,207
Rasuwa,1,Bhorle,7,110,510,238,272
Rasuwa,1,Bhorle,8,65,343,159,184
Rasuwa,1,Bhorle,9,77,353,152,201
Rasuwa,2,Bridhim,1,40,104,44,60
Rasuwa,2,Bridhim,2,10,24,13,11
Rasuwa,2,Bridhim,3,25,49,24,25
Rasuwa,2,Bridhim,4,18,45,22,23
Rasuwa,2,Bridhim,5,10,28,16,12
Rasuwa,2,Bridhim,6,24,78,36,42
Rasuwa,2,Bridhim,7,16,39,25,14
Rasuwa,2,Bridhim,8,11,39,23,16
Rasuwa,2,Bridhim,9,7,16,9,7
Rasuwa,3,Chilime,1,50,160,79,81
Rasuwa,3,Chilime,2,42,164,76,88
Rasuwa,3,Chilime,3,26,98,40,58
Rasuwa,3,Chilime,4,52,255,135,120
Rasuwa,3,Chilime,5,24,104,49,55
Rasuwa,3,Chilime,6,37,125,61,64
Rasuwa,3,Chilime,7,40,152,76,76
Rasuwa,3,Chilime,8,32,151,81,70
Rasuwa,3,Chilime,9,37,169,88,81
Rasuwa,4,Dandagoun,1,42,175,79,96
Rasuwa,4,Dandagoun,2,53,213,105,108
Rasuwa,4,Dandagoun,3,40,168,70,98
Rasuwa,4,Dandagoun,4,30,146,72,74
Rasuwa,4,Dandagoun,5,38,201,97,104
Rasuwa,4,Dandagoun,6,46,243,109,134
Rasuwa,4,Dandagoun,7,113,488,235,253
Rasuwa,4,Dandagoun,8,55,218,102,116
Rasuwa,4,Dandagoun,9,62,334,164,170
Rasuwa,5,Dhunche,1,43,217,109,108
Rasuwa,5,Dhunche,2,25,123,62,61
Rasuwa,5,Dhunche,3,23,126,68,58
Rasuwa,5,Dhunche,4,36,192,106,86
Rasuwa,5,Dhunche,5,257,906,475,431
Rasuwa,5,Dhunche,6,20,81,44,37
Rasuwa,5,Dhunche,7,29,125,63,62
Rasuwa,5,Dhunche,8,272,931,521,410
Rasuwa,5,Dhunche,9,9,43,27,16
Rasuwa,6,Gatlang,1,33,158,78,80
Rasuwa,6,Gatlang,2,34,142,72,70
Rasuwa,6,Gatlang,3,28,123,64,59
Rasuwa,6,Gatlang,4,32,141,68,73
Rasuwa,6,Gatlang,5,68,276,132,144
Rasuwa,6,Gatlang,6,76,345,167,178
Rasuwa,6,Gatlang,7,63,311,156,155
Rasuwa,6,Gatlang,8,45,227,110,117
Rasuwa,6,Gatlang,9,21,82,41,41
Rasuwa,7,Goljung,1,14,53,28,25
Rasuwa,7,Goljung,2,9,32,14,18
Rasuwa,7,Goljung,3,27,85,41,44
Rasuwa,7,Goljung,4,14,56,31,25
Rasuwa,7,Goljung,5,22,93,49,44
Rasuwa,7,Goljung,6,17,60,27,33
Rasuwa,7,Goljung,7,87,320,155,165
Rasuwa,7,Goljung,8,34,110,57,53
Rasuwa,7,Goljung,9,45,163,69,94
Rasuwa,8,Haku,1,35,163,93,70
Rasuwa,8,Haku,2,59,221,111,110
Rasuwa,8,Haku,3,58,280,137,143
Rasuwa,8,Haku,4,36,160,72,88
Rasuwa,8,Haku,5,44,202,93,109
Rasuwa,8,Haku,6,24,117,55,62
Rasuwa,8,Haku,7,41,192,92,100
Rasuwa,8,Haku,8,91,507,244,263
Rasuwa,8,Haku,9,55,327,152,175
Rasuwa,9,Dhaibung,1,95,421,194,227
Rasuwa,9,Dhaibung,2,118,524,255,269
Rasuwa,9,Dhaibung,3,60,291,143,148
Rasuwa,9,Dhaibung,4,89,426,186,240
Rasuwa,9,Dhaibung,5,186,743,366,377
Rasuwa,9,Dhaibung,6,79,378,179,199
Rasuwa,9,Dhaibung,7,163,701,347,354
Rasuwa,9,Dhaibung,8,107,497,238,259
Rasuwa,9,Dhaibung,9,212,947,460,487
Rasuwa,10,Laharepouwa,1,203,798,362,436
Rasuwa,10,Laharepouwa,2,110,456,207,249
Rasuwa,10,Laharepouwa,3,104,479,224,255
Rasuwa,10,Laharepouwa,4,125,559,258,301
Rasuwa,10,Laharepouwa,5,110,473,215,258
Rasuwa,10,Laharepouwa,6,98,422,201,221
Rasuwa,10,Laharepouwa,7,81,338,154,184
Rasuwa,10,Laharepouwa,8,149,643,288,355
Rasuwa,10,Laharepouwa,9,73,354,159,195
Rasuwa,11,Langtang,1,30,74,33,41
Rasuwa,11,Langtang,2,10,27,15,12
Rasuwa,11,Langtang,3,10,37,17,20
Rasuwa,11,Langtang,4,9,37,20,17
Rasuwa,11,Langtang,5,12,29,12,17
Rasuwa,11,Langtang,6,13,32,15,17
Rasuwa,11,Langtang,7,37,106,43,63
Rasuwa,11,Langtang,8,5,10,6,4
Rasuwa,11,Langtang,9,26,63,31,32
Rasuwa,12,Ramche,1,12,85,44,41
Rasuwa,12,Ramche,2,44,207,94,113
Rasuwa,12,Ramche,3,78,344,156,188
Rasuwa,12,Ramche,4,71,317,164,153
Rasuwa,12,Ramche,5,55,266,128,138
Rasuwa,12,Ramche,6,49,241,117,124
Rasuwa,12,Ramche,7,32,136,61,75
Rasuwa,12,Ramche,8,82,359,167,192
Rasuwa,12,Ramche,9,66,313,161,152
Rasuwa,13,Saramthali,1,85,376,179,197
Rasuwa,13,Saramthali,2,63,298,138,160
Rasuwa,13,Saramthali,3,76,365,167,198
Rasuwa,13,Saramthali,4,64,335,147,188
Rasuwa,13,Saramthali,5,115,616,274,342
Rasuwa,13,Saramthali,6,113,594,265,329
Rasuwa,13,Saramthali,7,73,320,152,168
Rasuwa,13,Saramthali,8,121,572,276,296
Rasuwa,13,Saramthali,9,111,516,257,259
Rasuwa,14,Syafru,1,30,115,64,51
Rasuwa,14,Syafru,2,25,68,33,35
Rasuwa,14,Syafru,3,73,262,139,123
Rasuwa,14,Syafru,4,50,197,105,92
Rasuwa,14,Syafru,5,58,257,121,136
Rasuwa,14,Syafru,6,28,131,76,55
Rasuwa,14,Syafru,7,36,135,64,71
Rasuwa,14,Syafru,8,17,59,29,30
Rasuwa,14,Syafru,9,304,"1,047",541,506
Rasuwa,15,Thulogoun,1,40,181,76,105
Rasuwa,15,Thulogoun,2,25,109,51,58
Rasuwa,15,Thulogoun,3,19,90,46,44
Rasuwa,15,Thulogoun,4,29,110,53,57
Rasuwa,15,Thulogoun,5,32,141,70,71
Rasuwa,15,Thulogoun,6,37,148,68,80
Rasuwa,15,Thulogoun,7,21,88,39,49
Rasuwa,15,Thulogoun,8,55,211,107,104
Rasuwa,15,Thulogoun,9,59,278,126,152
Rasuwa,16,Thuman,1,36,83,40,43
Rasuwa,16,Thuman,2,17,55,25,30
Rasuwa,16,Thuman,3,27,84,37,47
Rasuwa,16,Thuman,4,13,44,25,19
Rasuwa,16,Thuman,5,15,47,25,22
Rasuwa,16,Thuman,6,26,86,41,45
Rasuwa,16,Thuman,7,26,96,45,51
Rasuwa,16,Thuman,8,49,240,129,111
Rasuwa,16,Thuman,9,30,133,66,67
Rasuwa,17,Timure,1,14,47,28,19
Rasuwa,17,Timure,2,8,20,11,9
Rasuwa,17,Timure,3,4,14,7,7
Rasuwa,17,Timure,4,33,101,51,50
Rasuwa,17,Timure,5,28,85,42,43
Rasuwa,17,Timure,6,18,65,30,35
Rasuwa,17,Timure,7,7,23,9,14
Rasuwa,17,Timure,8,7,22,13,9
Rasuwa,17,Timure,9,11,46,22,24
Rasuwa,18,Yarsa,1,156,683,356,327
Rasuwa,18,Yarsa,2,66,351,189,162
Rasuwa,18,Yarsa,3,25,110,63,47
Rasuwa,18,Yarsa,4,56,272,140,132
Rasuwa,18,Yarsa,5,70,320,156,164
Rasuwa,18,Yarsa,6,110,440,209,231
Rasuwa,18,Yarsa,7,135,628,324,304
Rasuwa,18,Yarsa,8,136,676,345,331
Rasuwa,18,Yarsa,9,66,364,191,173
Dhading,1,Aginchok,1,157,601,263,338
Dhading,1,Aginchok,2,61,278,122,156
Dhading,1,Aginchok,3,89,372,164,208
Dhading,1,Aginchok,4,91,352,160,192
Dhading,1,Aginchok,5,81,293,125,168
Dhading,1,Aginchok,6,160,653,270,383
Dhading,1,Aginchok,7,88,400,171,229
Dhading,1,Aginchok,8,83,344,146,198
Dhading,1,Aginchok,9,63,287,118,169
Dhading,2,Baireni,1,159,750,382,368
Dhading,2,Baireni,2,92,481,233,248
Dhading,2,Baireni,3,146,687,341,346
Dhading,2,Baireni,4,190,"1,008",468,540
Dhading,2,Baireni,5,205,"1,041",494,547
Dhading,2,Baireni,6,199,"1,049",521,528
Dhading,2,Baireni,7,445,"2,179","1,074","1,105"
Dhading,2,Baireni,8,688,"3,381","1,751","1,630"
Dhading,2,Baireni,9,671,"2,793","1,366","1,427"
Dhading,3,Baseri,1,95,398,178,220
Dhading,3,Baseri,2,87,376,160,216
Dhading,3,Baseri,3,86,372,158,214
Dhading,3,Baseri,4,106,429,185,244
Dhading,3,Baseri,5,110,491,212,279
Dhading,3,Baseri,6,62,300,149,151
Dhading,3,Baseri,7,128,550,236,314
Dhading,3,Baseri,8,113,441,193,248
Dhading,3,Baseri,9,72,303,138,165
Dhading,4,Benighat,1,531,"2,010","1,045",965
Dhading,4,Benighat,2,112,612,291,321
Dhading,4,Benighat,3,122,637,303,334
Dhading,4,Benighat,4,98,483,231,252
Dhading,4,Benighat,5,254,"1,332",671,661
Dhading,4,Benighat,6,107,482,243,239
Dhading,4,Benighat,7,254,"1,117",541,576
Dhading,4,Benighat,8,404,"1,771",863,908
Dhading,4,Benighat,9,241,"1,273",666,607
Dhading,5,Bhumesthan,1,144,682,334,348
Dhading,5,Bhumesthan,2,203,"1,072",549,523
Dhading,5,Bhumesthan,3,230,"1,066",524,542
Dhading,5,Bhumesthan,4,358,"1,757",865,892
Dhading,5,Bhumesthan,5,120,609,292,317
Dhading,5,Bhumesthan,6,268,"1,398",708,690
Dhading,5,Bhumesthan,7,267,"1,417",688,729
Dhading,5,Bhumesthan,8,297,"1,424",695,729
Dhading,5,Bhumesthan,9,258,"1,361",668,693
Dhading,6,Budhathum,1,88,457,171,286
Dhading,6,Budhathum,2,93,452,182,270
Dhading,6,Budhathum,3,65,299,122,177
Dhading,6,Budhathum,4,83,341,145,196
Dhading,6,Budhathum,5,158,614,274,340
Dhading,6,Budhathum,6,79,319,138,181
Dhading,6,Budhathum,7,104,448,177,271
Dhading,6,Budhathum,8,70,260,99,161
Dhading,6,Budhathum,9,126,542,235,307
Dhading,7,Chainpur,1,216,832,369,463
Dhading,7,Chainpur,2,193,799,352,447
Dhading,7,Chainpur,3,163,691,283,408
Dhading,7,Chainpur,4,140,588,266,322
Dhading,7,Chainpur,5,132,541,245,296
Dhading,7,Chainpur,6,168,640,279,361
Dhading,7,Chainpur,7,182,785,318,467
Dhading,7,Chainpur,8,186,883,401,482
Dhading,7,Chainpur,9,134,590,234,356
Dhading,8,ChhatreDyaurali,1,147,627,301,326
Dhading,8,ChhatreDyaurali,2,155,774,375,399
Dhading,8,ChhatreDyaurali,3,180,771,352,419
Dhading,8,ChhatreDyaurali,4,198,993,469,524
Dhading,8,ChhatreDyaurali,5,145,763,357,406
Dhading,8,ChhatreDyaurali,6,238,"1,033",506,527
Dhading,8,ChhatreDyaurali,7,169,737,379,358
Dhading,8,ChhatreDyaurali,8,157,705,326,379
Dhading,8,ChhatreDyaurali,9,266,"1,284",600,684
Dhading,9,Darkha,1,150,661,296,365
Dhading,9,Darkha,2,155,713,319,394
Dhading,9,Darkha,3,107,519,242,277
Dhading,9,Darkha,4,170,808,363,445
Dhading,9,Darkha,5,85,440,198,242
Dhading,9,Darkha,6,78,371,162,209
Dhading,9,Darkha,7,112,459,214,245
Dhading,9,Darkha,8,175,905,449,456
Dhading,9,Darkha,9,89,393,188,205
Dhading,10,Dhola,1,117,483,201,282
Dhading,10,Dhola,2,157,645,300,345
Dhading,10,Dhola,3,86,344,151,193
Dhading,10,Dhola,4,78,327,137,190
Dhading,10,Dhola,5,102,444,191,253
Dhading,10,Dhola,6,61,234,97,137
Dhading,10,Dhola,7,240,909,419,490
Dhading,10,Dhola,8,73,291,143,148
Dhading,10,Dhola,9,84,356,133,223
Dhading,11,Dhussa,1,388,"1,849",913,936
Dhading,11,Dhussa,2,130,630,304,326
Dhading,11,Dhussa,3,62,363,179,184
Dhading,11,Dhussa,4,145,934,462,472
Dhading,11,Dhussa,5,107,568,290,278
Dhading,11,Dhussa,6,111,547,269,278
Dhading,11,Dhussa,7,173,961,481,480
Dhading,11,Dhussa,8,100,460,221,239
Dhading,11,Dhussa,9,145,878,429,449
Dhading,12,Dhuwakot,1,112,462,195,267
Dhading,12,Dhuwakot,2,213,"1,025",454,571
Dhading,12,Dhuwakot,3,86,377,172,205
Dhading,12,Dhuwakot,4,205,921,408,513
Dhading,12,Dhuwakot,5,90,406,191,215
Dhading,12,Dhuwakot,6,80,345,169,176
Dhading,12,Dhuwakot,7,86,390,183,207
Dhading,12,Dhuwakot,8,80,333,142,191
Dhading,12,Dhuwakot,9,111,503,238,265
Dhading,13,Gajuri,1,995,"3,907","1,928","1,979"
Dhading,13,Gajuri,2,397,"1,843",917,926
Dhading,13,Gajuri,3,62,322,161,161
Dhading,13,Gajuri,4,179,800,389,411
Dhading,13,Gajuri,5,70,381,189,192
Dhading,13,Gajuri,6,133,805,396,409
Dhading,13,Gajuri,7,92,456,236,220
Dhading,13,Gajuri,8,216,"1,099",549,550
Dhading,13,Gajuri,9,79,422,203,219
Dhading,14,Goganpani,1,179,874,416,458
Dhading,14,Goganpani,2,187,928,447,481
Dhading,14,Goganpani,3,167,836,401,435
Dhading,14,Goganpani,4,66,309,156,153
Dhading,14,Goganpani,5,49,240,125,115
Dhading,14,Goganpani,6,186,909,431,478
Dhading,14,Goganpani,7,95,456,214,242
Dhading,14,Goganpani,8,109,524,273,251
Dhading,14,Goganpani,9,95,487,233,254
Dhading,15,Gumdi,1,103,411,188,223
Dhading,15,Gumdi,2,129,600,266,334
Dhading,15,Gumdi,3,127,567,259,308
Dhading,15,Gumdi,4,77,344,150,194
Dhading,15,Gumdi,5,106,420,178,242
Dhading,15,Gumdi,6,199,854,368,486
Dhading,15,Gumdi,7,103,459,215,244
Dhading,15,Gumdi,8,143,629,273,356
Dhading,15,Gumdi,9,122,549,238,311
Dhading,16,Jeewanpur,1,109,463,217,246
Dhading,16,Jeewanpur,2,189,880,433,447
Dhading,16,Jeewanpur,3,169,742,377,365
Dhading,16,Jeewanpur,4,110,469,230,239
Dhading,16,Jeewanpur,5,248,"1,135",566,569
Dhading,16,Jeewanpur,6,228,"1,009",477,532
Dhading,16,Jeewanpur,7,183,908,453,455
Dhading,16,Jeewanpur,8,311,"1,463",725,738
Dhading,16,Jeewanpur,9,373,"1,720",851,869
Dhading,17,Jharlang,1,228,"1,256",604,652
Dhading,17,Jharlang,2,132,683,325,358
Dhading,17,Jharlang,3,133,656,301,355
Dhading,17,Jharlang,4,43,229,103,126
Dhading,17,Jharlang,5,35,157,72,85
Dhading,17,Jharlang,6,22,120,56,64
Dhading,17,Jharlang,7,40,232,106,126
Dhading,17,Jharlang,8,100,603,292,311
Dhading,17,Jharlang,9,37,222,103,119
Dhading,18,Jogimara,1,216,"1,186",587,599
Dhading,18,Jogimara,2,182,987,487,500
Dhading,18,Jogimara,3,87,402,214,188
Dhading,18,Jogimara,4,110,635,303,332
Dhading,18,Jogimara,5,216,"1,311",652,659
Dhading,18,Jogimara,6,127,758,369,389
Dhading,18,Jogimara,7,76,403,199,204
Dhading,18,Jogimara,8,137,710,358,352
Dhading,18,Jogimara,9,291,"1,352",673,679
Dhading,19,Jyamrung,1,200,868,360,508
Dhading,19,Jyamrung,2,191,840,350,490
Dhading,19,Jyamrung,3,140,615,246,369
Dhading,19,Jyamrung,4,207,928,399,529
Dhading,19,Jyamrung,5,166,707,318,389
Dhading,19,Jyamrung,6,214,853,391,462
Dhading,19,Jyamrung,7,109,443,192,251
Dhading,19,Jyamrung,8,239,"1,068",475,593
Dhading,19,Jyamrung,9,187,676,293,383
Dhading,20,Kalleri,1,255,"1,145",506,639
Dhading,20,Kalleri,2,257,"1,226",573,653
Dhading,20,Kalleri,3,293,"1,318",580,738
Dhading,20,Kalleri,4,243,"1,194",552,642
Dhading,20,Kalleri,5,133,564,272,292
Dhading,20,Kalleri,6,330,"1,620",772,848
Dhading,20,Kalleri,7,89,368,158,210
Dhading,20,Kalleri,8,165,713,323,390
Dhading,20,Kalleri,9,156,704,323,381
Dhading,21,Katunje,1,122,532,235,297
Dhading,21,Katunje,2,228,817,351,466
Dhading,21,Katunje,3,90,407,168,239
Dhading,21,Katunje,4,265,"1,162",526,636
Dhading,21,Katunje,5,92,336,139,197
Dhading,21,Katunje,6,143,602,250,352
Dhading,21,Katunje,7,211,926,405,521
Dhading,21,Katunje,8,150,556,230,326
Dhading,21,Katunje,9,124,568,255,313
Dhading,22,Kewalpur,1,139,616,276,340
Dhading,22,Kewalpur,2,71,323,161,162
Dhading,22,Kewalpur,3,100,399,190,209
Dhading,22,Kewalpur,4,172,701,346,355
Dhading,22,Kewalpur,5,96,486,222,264
Dhading,22,Kewalpur,6,209,991,502,489
Dhading,22,Kewalpur,7,78,388,191,197
Dhading,22,Kewalpur,8,98,442,204,238
Dhading,22,Kewalpur,9,141,664,320,344
Dhading,23,Khalte,1,135,599,251,348
Dhading,23,Khalte,2,108,497,222,275
Dhading,23,Khalte,3,162,782,343,439
Dhading,23,Khalte,4,226,"1,024",478,546
Dhading,23,Khalte,5,228,"1,012",449,563
Dhading,23,Khalte,6,270,"1,273",592,681
Dhading,23,Khalte,7,149,690,299,391
Dhading,23,Khalte,8,170,796,358,438
Dhading,23,Khalte,9,118,504,231,273
Dhading,24,Khari,1,198,780,342,438
Dhading,24,Khari,2,118,471,204,267
Dhading,24,Khari,3,166,675,311,364
Dhading,24,Khari,4,111,436,203,233
Dhading,24,Khari,5,70,312,135,177
Dhading,24,Khari,6,101,465,192,273
Dhading,24,Khari,7,105,418,187,231
Dhading,24,Khari,8,101,453,205,248
Dhading,24,Khari,9,81,371,165,206
Dhading,25,Kiranchok,1,203,917,440,477
Dhading,25,Kiranchok,2,89,494,247,247
Dhading,25,Kiranchok,3,109,577,285,292
Dhading,25,Kiranchok,4,178,997,505,492
Dhading,25,Kiranchok,5,116,640,313,327
Dhading,25,Kiranchok,6,112,609,296,313
Dhading,25,Kiranchok,7,115,586,287,299
Dhading,25,Kiranchok,8,108,515,236,279
Dhading,25,Kiranchok,9,133,671,319,352
Dhading,26,Kumpur,1,112,508,230,278
Dhading,26,Kumpur,2,234,"1,177",538,639
Dhading,26,Kumpur,3,260,"1,244",581,663
Dhading,26,Kumpur,4,257,"1,192",561,631
Dhading,26,Kumpur,5,275,"1,281",594,687
Dhading,26,Kumpur,6,243,"1,072",515,557
Dhading,26,Kumpur,7,336,"1,639",760,879
Dhading,26,Kumpur,8,251,"1,143",538,605
Dhading,26,Kumpur,9,154,756,319,437
Dhading,27,Lapa,1,114,533,243,290
Dhading,27,Lapa,2,169,737,353,384
Dhading,27,Lapa,3,104,478,209,269
Dhading,27,Lapa,4,52,250,116,134
Dhading,27,Lapa,5,93,406,196,210
Dhading,27,Lapa,6,86,376,174,202
Dhading,27,Lapa,7,144,652,305,347
Dhading,27,Lapa,8,60,300,145,155
Dhading,27,Lapa,9,31,161,77,84
Dhading,28,Mahadevsthan,1,205,"1,208",603,605
Dhading,28,Mahadevsthan,2,142,763,389,374
Dhading,28,Mahadevsthan,3,126,777,396,381
Dhading,28,Mahadevsthan,4,197,960,483,477
Dhading,28,Mahadevsthan,5,179,884,428,456
Dhading,28,Mahadevsthan,6,120,651,318,333
Dhading,28,Mahadevsthan,7,125,735,389,346
Dhading,28,Mahadevsthan,8,58,355,176,179
Dhading,28,Mahadevsthan,9,91,491,234,257
Dhading,29,Maidi,1,296,"1,281",577,704
Dhading,29,Maidi,2,230,905,391,514
Dhading,29,Maidi,3,219,936,395,541
Dhading,29,Maidi,4,242,"1,017",471,546
Dhading,29,Maidi,5,95,373,171,202
Dhading,29,Maidi,6,158,639,290,349
Dhading,29,Maidi,7,198,767,343,424
Dhading,29,Maidi,8,270,"1,138",504,634
Dhading,29,Maidi,9,459,"2,147",968,"1,179"
Dhading,30,Marpak,1,57,208,86,122
Dhading,30,Marpak,2,116,402,172,230
Dhading,30,Marpak,3,92,368,155,213
Dhading,30,Marpak,4,113,478,203,275
Dhading,30,Marpak,5,100,452,205,247
Dhading,30,Marpak,6,69,332,145,187
Dhading,30,Marpak,7,124,639,286,353
Dhading,30,Marpak,8,32,114,41,73
Dhading,30,Marpak,9,146,665,297,368
Dhading,31,Mulpani,1,44,199,83,116
Dhading,31,Mulpani,2,114,498,198,300
Dhading,31,Mulpani,3,120,538,222,316
Dhading,31,Mulpani,4,72,307,130,177
Dhading,31,Mulpani,5,56,223,102,121
Dhading,31,Mulpani,6,52,224,93,131
Dhading,31,Mulpani,7,118,454,192,262
Dhading,31,Mulpani,8,82,340,153,187
Dhading,31,Mulpani,9,91,392,174,218
Dhading,32,MuraliBhanjyang,1,170,759,350,409
Dhading,32,MuraliBhanjyang,2,395,"1,796",862,934
Dhading,32,MuraliBhanjyang,3,228,"1,019",470,549
Dhading,32,MuraliBhanjyang,4,174,741,320,421
Dhading,32,MuraliBhanjyang,5,151,654,286,368
Dhading,32,MuraliBhanjyang,6,135,539,236,303
Dhading,32,MuraliBhanjyang,7,165,714,303,411
Dhading,32,MuraliBhanjyang,8,122,473,215,258
Dhading,32,MuraliBhanjyang,9,133,558,235,323
Dhading,33,Nalang,1,122,578,272,306
Dhading,33,Nalang,2,172,731,303,428
Dhading,33,Nalang,3,311,"1,369",620,749
Dhading,33,Nalang,4,172,745,343,402
Dhading,33,Nalang,5,198,961,457,504
Dhading,33,Nalang,6,444,"1,901",887,"1,014"
Dhading,33,Nalang,7,185,680,311,369
Dhading,33,Nalang,8,95,389,164,225
Dhading,33,Nalang,9,177,713,317,396
Dhading,34,Naubise,1,496,"2,190","1,091","1,099"
Dhading,34,Naubise,2,424,"1,928",937,991
Dhading,34,Naubise,3,225,955,461,494
Dhading,34,Naubise,4,350,"1,606",763,843
Dhading,34,Naubise,5,324,"1,517",726,791
Dhading,34,Naubise,6,327,"1,446",730,716
Dhading,34,Naubise,7,512,"2,437","1,254","1,183"
Dhading,34,Naubise,8,358,"1,690",853,837
Dhading,34,Naubise,9,168,784,388,396
Dhading,35,Nilkantha,1,271,"1,206",564,642
Dhading,35,Nilkantha,2,451,"1,824",844,980
Dhading,35,Nilkantha,3,236,"1,047",470,577
Dhading,35,Nilkantha,4,247,"1,102",496,606
Dhading,35,Nilkantha,5,"3,370","12,004","5,720","6,284"
Dhading,35,Nilkantha,6,216,950,430,520
Dhading,35,Nilkantha,7,165,696,293,403
Dhading,35,Nilkantha,8,150,665,313,352
Dhading,35,Nilkantha,9,149,688,276,412
Dhading,36,Phulkhark,1,131,596,250,346
Dhading,36,Phulkhark,2,128,574,217,357
Dhading,36,Phulkhark,3,101,456,212,244
Dhading,36,Phulkhark,4,124,537,227,310
Dhading,36,Phulkhark,5,120,511,229,282
Dhading,36,Phulkhark,6,73,326,146,180
Dhading,36,Phulkhark,7,55,258,118,140
Dhading,36,Phulkhark,8,101,443,197,246
Dhading,36,Phulkhark,9,87,424,173,251
Dhading,37,Pida,1,450,"2,136","1,052","1,084"
Dhading,37,Pida,2,485,"2,076","1,006","1,070"
Dhading,37,Pida,3,293,"1,362",679,683
Dhading,37,Pida,4,167,900,422,478
Dhading,37,Pida,5,178,905,432,473
Dhading,37,Pida,6,204,"1,067",535,532
Dhading,37,Pida,7,108,683,329,354
Dhading,37,Pida,8,160,950,463,487
Dhading,37,Pida,9,169,964,497,467
Dhading,38,ReeGaun,1,123,553,244,309
Dhading,38,ReeGaun,2,143,654,285,369
Dhading,38,ReeGaun,3,57,287,111,176
Dhading,38,ReeGaun,4,153,796,371,425
Dhading,38,ReeGaun,5,101,478,228,250
Dhading,38,ReeGaun,6,144,777,336,441
Dhading,38,ReeGaun,7,122,559,258,301
Dhading,38,ReeGaun,8,100,454,212,242
Dhading,38,ReeGaun,9,167,876,426,450
Dhading,39,Salang,1,116,593,283,310
Dhading,39,Salang,2,70,328,149,179
Dhading,39,Salang,3,108,538,252,286
Dhading,39,Salang,4,113,534,254,280
Dhading,39,Salang,5,145,824,414,410
Dhading,39,Salang,6,74,322,144,178
Dhading,39,Salang,7,146,729,324,405
Dhading,39,Salang,8,203,957,429,528
Dhading,39,Salang,9,165,825,406,419
Dhading,40,Salyankot,1,146,631,255,376
Dhading,40,Salyankot,2,88,379,149,230
Dhading,40,Salyankot,3,92,414,170,244
Dhading,40,Salyankot,4,125,541,221,320
Dhading,40,Salyankot,5,141,632,246,386
Dhading,40,Salyankot,6,56,219,96,123
Dhading,40,Salyankot,7,151,668,295,373
Dhading,40,Salyankot,8,170,711,317,394
Dhading,40,Salyankot,9,154,725,364,361
Dhading,41,Salyantar,1,191,861,392,469
Dhading,41,Salyantar,2,206,945,422,523
Dhading,41,Salyantar,3,168,774,345,429
Dhading,41,Salyantar,4,148,719,329,390
Dhading,41,Salyantar,5,142,626,264,362
Dhading,41,Salyantar,6,144,645,280,365
Dhading,41,Salyantar,7,262,"1,074",479,595
Dhading,41,Salyantar,8,431,"1,890",867,"1,023"
Dhading,41,Salyantar,9,99,358,161,197
Dhading,42,Sangkosh,1,143,597,258,339
Dhading,42,Sangkosh,2,175,796,391,405
Dhading,42,Sangkosh,3,314,"1,415",655,760
Dhading,42,Sangkosh,4,113,489,216,273
Dhading,42,Sangkosh,5,139,631,280,351
Dhading,42,Sangkosh,6,80,330,153,177
Dhading,42,Sangkosh,7,124,605,269,336
Dhading,42,Sangkosh,8,102,415,173,242
Dhading,42,Sangkosh,9,54,243,101,142
Dhading,43,Satyadevi,1,80,349,167,182
Dhading,43,Satyadevi,2,58,276,117,159
Dhading,43,Satyadevi,3,100,498,232,266
Dhading,43,Satyadevi,4,71,291,124,167
Dhading,43,Satyadevi,5,101,451,191,260
Dhading,43,Satyadevi,6,68,285,120,165
Dhading,43,Satyadevi,7,77,323,135,188
Dhading,43,Satyadevi,8,109,467,203,264
Dhading,43,Satyadevi,9,96,382,165,217
Dhading,44,Semjong,1,104,411,178,233
Dhading,44,Semjong,2,92,421,188,233
Dhading,44,Semjong,3,76,278,123,155
Dhading,44,Semjong,4,102,396,172,224
Dhading,44,Semjong,5,110,448,207,241
Dhading,44,Semjong,6,95,331,150,181
Dhading,44,Semjong,7,66,256,116,140
Dhading,44,Semjong,8,114,435,189,246
Dhading,44,Semjong,9,88,330,131,199
Dhading,45,Sertung,1,112,476,229,247
Dhading,45,Sertung,2,98,438,204,234
Dhading,45,Sertung,3,60,256,103,153
Dhading,45,Sertung,4,66,271,131,140
Dhading,45,Sertung,5,117,482,209,273
Dhading,45,Sertung,6,86,387,164,223
Dhading,45,Sertung,7,98,433,195,238
Dhading,45,Sertung,8,97,413,181,232
Dhading,45,Sertung,9,83,441,209,232
Dhading,46,SunaulaBazar,1,151,607,283,324
Dhading,46,SunaulaBazar,2,118,502,216,286
Dhading,46,SunaulaBazar,3,71,307,138,169
Dhading,46,SunaulaBazar,4,253,"1,263",581,682
Dhading,46,SunaulaBazar,5,94,374,161,213
Dhading,46,SunaulaBazar,6,233,963,434,529
Dhading,46,SunaulaBazar,7,321,"1,364",602,762
Dhading,46,SunaulaBazar,8,198,880,370,510
Dhading,46,SunaulaBazar,9,91,362,147,215
Dhading,47,Tasarpu,1,175,733,360,373
Dhading,47,Tasarpu,2,137,739,368,371
Dhading,47,Tasarpu,3,79,314,141,173
Dhading,47,Tasarpu,4,85,369,179,190
Dhading,47,Tasarpu,5,61,321,161,160
Dhading,47,Tasarpu,6,85,446,198,248
Dhading,47,Tasarpu,7,122,613,310,303
Dhading,47,Tasarpu,8,136,635,331,304
Dhading,47,Tasarpu,9,218,981,446,535
Dhading,48,Thakre,1,122,589,275,314
Dhading,48,Thakre,2,228,"1,042",498,544
Dhading,48,Thakre,3,611,"2,812","1,412","1,400"
Dhading,48,Thakre,4,317,"1,382",662,720
Dhading,48,Thakre,5,157,755,377,378
Dhading,48,Thakre,6,76,370,170,200
Dhading,48,Thakre,7,125,550,271,279
Dhading,48,Thakre,8,230,"1,031",480,551
Dhading,48,Thakre,9,275,"1,307",636,671
Dhading,49,Tipling,1,25,117,56,61
Dhading,49,Tipling,2,36,149,68,81
Dhading,49,Tipling,3,51,190,92,98
Dhading,49,Tipling,4,57,213,101,112
Dhading,49,Tipling,5,42,179,86,93
Dhading,49,Tipling,6,33,169,94,75
Dhading,49,Tipling,7,77,332,162,170
Dhading,49,Tipling,8,60,296,140,156
Dhading,49,Tipling,9,83,427,220,207
Dhading,50,Tripureswor,1,125,445,193,252
Dhading,50,Tripureswor,2,77,331,141,190
Dhading,50,Tripureswor,3,198,779,354,425
Dhading,50,Tripureswor,4,73,287,138,149
Dhading,50,Tripureswor,5,44,196,90,106
Dhading,50,Tripureswor,6,65,267,129,138
Dhading,50,Tripureswor,7,91,369,152,217
Dhading,50,Tripureswor,8,82,379,169,210
Dhading,50,Tripureswor,9,64,340,146,194
